﻿<?xml version="1.0" encoding="utf-8"?>
<ApplicationConfiguration
  xmlns:xsi="http://www.w3.org/2001/XMLSchema-instance"
  xmlns:ua="http://opcfoundation.org/UA/2008/02/Types.xsd"
  xmlns="http://opcfoundation.org/UA/SDK/Configuration.xsd"
>
  <ApplicationName>ZEQP OpcUA Server</ApplicationName>
  <ApplicationUri>urn:localhost:UA:ZEQP:OpcUAServer</ApplicationUri>
  <ProductUri>uri:opcfoundation.org:ZEQP:OpcUAServer</ProductUri>
  <ApplicationType>Server_0</ApplicationType>

  <SecurityConfiguration>

    <!-- Where the application instance certificate is stored (MachineDefault) -->
    <ApplicationCertificate>
      <StoreType>Directory</StoreType>
      <StorePath>%CommonApplicationData%\OPC Foundation\pki\own</StorePath>
      <SubjectName>CN=ZEQP OpcUA Server, C=US, S=Arizona, O=SomeCompany, DC=localhost</SubjectName>
    </ApplicationCertificate>

    <!-- Where the issuer certificate are stored (certificate authorities) -->
    <TrustedIssuerCertificates>
      <StoreType>Directory</StoreType>
      <StorePath>%CommonApplicationData%\OPC Foundation\pki\issuer</StorePath>
    </TrustedIssuerCertificates>

    <!-- Where the trust list is stored -->
    <TrustedPeerCertificates>
      <StoreType>Directory</StoreType>
      <StorePath>%CommonApplicationData%\OPC Foundation\pki\trusted</StorePath>
    </TrustedPeerCertificates>

    <!-- The directory used to store invalid certficates for later review by the administrator. -->
    <RejectedCertificateStore>
      <StoreType>Directory</StoreType>
      <StorePath>%CommonApplicationData%\OPC Foundation\pki\rejected</StorePath>
    </RejectedCertificateStore>
  </SecurityConfiguration>

  <TransportConfigurations></TransportConfigurations>

  <TransportQuotas>
    <OperationTimeout>600000</OperationTimeout>
    <MaxStringLength>1048576</MaxStringLength>
    <MaxByteStringLength>1048576</MaxByteStringLength>
    <MaxArrayLength>65535</MaxArrayLength>
    <MaxMessageSize>4194304</MaxMessageSize>
    <MaxBufferSize>65535</MaxBufferSize>
    <ChannelLifetime>300000</ChannelLifetime>
    <SecurityTokenLifetime>3600000</SecurityTokenLifetime>
  </TransportQuotas>
  <ServerConfiguration>
    <BaseAddresses>
      <ua:String>https://localhost:62545/ZEQP/OpcUAServer/</ua:String>
      <ua:String>opc.tcp://localhost:62546/ZEQP/OpcUAServer</ua:String>
    </BaseAddresses>
    <SecurityPolicies>
      <ServerSecurityPolicy>
        <SecurityMode>SignAndEncrypt_3</SecurityMode>
        <SecurityPolicyUri>http://opcfoundation.org/UA/SecurityPolicy#Basic256Sha256</SecurityPolicyUri>
      </ServerSecurityPolicy>
      <ServerSecurityPolicy>
        <SecurityMode>None_1</SecurityMode>
        <SecurityPolicyUri>http://opcfoundation.org/UA/SecurityPolicy#None</SecurityPolicyUri>
      </ServerSecurityPolicy>
      <ServerSecurityPolicy>
        <SecurityMode>Sign_2</SecurityMode>
        <SecurityPolicyUri></SecurityPolicyUri>
      </ServerSecurityPolicy>
      <ServerSecurityPolicy>
        <SecurityMode>SignAndEncrypt_3</SecurityMode>
        <SecurityPolicyUri></SecurityPolicyUri>
      </ServerSecurityPolicy>
    </SecurityPolicies>
    <UserTokenPolicies>
      <ua:UserTokenPolicy>
        <ua:TokenType>Anonymous_0</ua:TokenType>
      </ua:UserTokenPolicy>
      <ua:UserTokenPolicy>
        <ua:TokenType>UserName_1</ua:TokenType>
      </ua:UserTokenPolicy>
      <ua:UserTokenPolicy>
        <ua:TokenType>Certificate_2</ua:TokenType>
      </ua:UserTokenPolicy>
      <!--
      <ua:UserTokenPolicy>
        <ua:TokenType>IssuedToken_3</ua:TokenType>
        <ua:IssuedTokenType>urn:oasis:names:tc:SAML:1.0:assertion:Assertion</ua:IssuedTokenType>
      </ua:UserTokenPolicy>
      -->
    </UserTokenPolicies>
    <DiagnosticsEnabled>false</DiagnosticsEnabled>
    <MaxSessionCount>100</MaxSessionCount>
    <MinSessionTimeout>10000</MinSessionTimeout>
    <MaxSessionTimeout>3600000</MaxSessionTimeout>
    <MaxBrowseContinuationPoints>10</MaxBrowseContinuationPoints>
    <MaxQueryContinuationPoints>10</MaxQueryContinuationPoints>
    <MaxHistoryContinuationPoints>100</MaxHistoryContinuationPoints>
    <MaxRequestAge>600000</MaxRequestAge>
    <MinPublishingInterval>100</MinPublishingInterval>
    <MaxPublishingInterval>3600000</MaxPublishingInterval>
    <PublishingResolution>50</PublishingResolution>
    <MaxSubscriptionLifetime>3600000</MaxSubscriptionLifetime>
    <MaxMessageQueueSize>10</MaxMessageQueueSize>
    <MaxNotificationQueueSize>100</MaxNotificationQueueSize>
    <MaxNotificationsPerPublish>1000</MaxNotificationsPerPublish>
    <MinMetadataSamplingInterval>1000</MinMetadataSamplingInterval>
    <AvailableSamplingRates>
      <SamplingRateGroup>
        <Start>5</Start>
        <Increment>5</Increment>
        <Count>20</Count>
      </SamplingRateGroup>
      <SamplingRateGroup>
        <Start>100</Start>
        <Increment>100</Increment>
        <Count>4</Count>
      </SamplingRateGroup>
      <SamplingRateGroup>
        <Start>500</Start>
        <Increment>250</Increment>
        <Count>2</Count>
      </SamplingRateGroup>
      <SamplingRateGroup>
        <Start>1000</Start>
        <Increment>500</Increment>
        <Count>20</Count>
      </SamplingRateGroup>
    </AvailableSamplingRates>
    <MaxRegistrationInterval>30000</MaxRegistrationInterval>
    <NodeManagerSaveFile>ZEQP.OpcUAServer.nodes.xml</NodeManagerSaveFile>
  </ServerConfiguration>

  <Extensions>
    <ua:XmlElement>
      <EmptyServerConfiguration xmlns="http://opcfoundation.org/ZEQP/OpcUA">
      </EmptyServerConfiguration>
    </ua:XmlElement>
  </Extensions>

  <TraceConfiguration>
    <OutputFilePath>Logs\ZEQP.OpcUAServer.log.txt</OutputFilePath>
    <DeleteOnLoad>true</DeleteOnLoad>
    <!-- Show Only Errors -->
    <!-- <TraceMasks>1</TraceMasks> -->
    <!-- Show Only Security and Errors -->
    <!-- <TraceMasks>513</TraceMasks> -->
    <!-- Show Only Security, Errors and Trace -->
    <TraceMasks>515</TraceMasks>
    <!-- Show Only Security, COM Calls, Errors and Trace -->
    <!-- <TraceMasks>771</TraceMasks> -->
    <!-- Show Only Security, Service Calls, Errors and Trace -->
    <!-- <TraceMasks>523</TraceMasks> -->
    <!-- Show Only Security, ServiceResultExceptions, Errors and Trace -->
    <!-- <TraceMasks>519</TraceMasks> -->
  </TraceConfiguration>
</ApplicationConfiguration>